,geo_type,geo_value,geo_description,variable_type,variable_type_description,variable_value,variable_description,percent_sewered,percent_sewered_lower,percent_sewered_upper,percent_sewered_delta,percent_sewered_delta_lower,percent_sewered_delta_upper,pvalue
0,DIVISION,1,New England,overall,Overall,overall,overall,72.8726913952059,72.07903840974616,73.97871676720341,,,,
1,DIVISION,2,Middle Atlantic,overall,Overall,overall,overall,84.65277797095172,84.04814386647956,85.30879897567326,,,,
2,DIVISION,3,East North Central,overall,Overall,overall,overall,82.55709401044591,81.85773978151963,83.09848578985034,,,,
3,DIVISION,4,West North Central,overall,Overall,overall,overall,84.14117165408858,82.73885397732138,85.72059455214259,,,,
4,DIVISION,5,South Atlantic,overall,Overall,overall,overall,82.16750555235474,81.27167536222828,82.97507121272099,,,,
5,DIVISION,6,East South Central,overall,Overall,overall,overall,74.898631568923,73.69817137963679,76.28496818239195,,,,
6,DIVISION,7,West South Central,overall,Overall,overall,overall,87.33073957205957,86.55279018216402,88.07201232509115,,,,
7,DIVISION,8,Mountain,overall,Overall,overall,overall,87.60660544739011,86.848076334466,88.37615369475,,,,
8,DIVISION,9,Pacific,overall,Overall,overall,overall,91.2577910013666,90.7775930964239,91.68334566560192,,,,
0,DIVISION,1,New England,HHRACE,Householder race (one race),01,White,70.41566046243855,69.35302027524904,71.84778497947133,-2.4570309327673456,-2.8682351691540515,-1.9386393696537014,2.1744327731110448e-164
1,DIVISION,1,New England,HHRACE,Householder race (one race),02,Black or African American,92.54830816464509,90.90684998331818,94.54113802617259,19.6756167694392,17.49497824333866,21.673809459521664,1.2104131604021394e-198
2,DIVISION,1,New England,HHRACE,Householder race (one race),03,American Indian and Alaska Native,65.65341898291543,50.05649275166275,84.22238955852181,-7.219272412290467,-22.784726130531332,11.443013011368315,3.4117017544830455e-23
3,DIVISION,1,New England,HHRACE,Householder race (one race),04,Asian,90.88501358356916,88.33195241077493,93.39175080572353,18.01232218836326,14.942521207933837,20.725568067608137,2.8600017723367426e-175
4,DIVISION,1,New England,HHRACE,Householder race (one race),05,Native Hawaiian and Other Pacific Islander,,,,,,,
5,DIVISION,2,Middle Atlantic,HHRACE,Householder race (one race),01,White,81.43110946756589,80.73908845926452,82.29555983132869,-3.221668503385844,-3.4630447419499895,-2.9638801702832858,9.132299365424975e-224
6,DIVISION,2,Middle Atlantic,HHRACE,Householder race (one race),02,Black or African American,97.64945959494288,97.064480680076,98.13567443210606,12.996681623991169,12.174805107242282,13.678835331627136,6.645174242618895e-240
7,DIVISION,2,Middle Atlantic,HHRACE,Householder race (one race),03,American Indian and Alaska Native,91.19548883642099,84.35880692019481,97.08936047488429,6.54271086546927,-0.5757469173528573,12.23872353534281,1.394206586212912e-57
8,DIVISION,2,Middle Atlantic,HHRACE,Householder race (one race),04,Asian,98.92198753641749,98.28175986301974,99.45618576509747,14.269209565465758,13.386637956148759,15.082779284787485,1.5367130485296032e-236
9,DIVISION,2,Middle Atlantic,HHRACE,Householder race (one race),05,Native Hawaiian and Other Pacific Islander,100.0,78.19778197781979,99.8319983199832,15.347222029048279,14.691201024326737,15.951856133520433,1.6724847101268478e-261
10,DIVISION,3,East North Central,HHRACE,Householder race (one race),01,White,79.57636147438953,78.80137039955193,80.36101914278112,-2.980732536056385,-3.3274099747706685,-2.6768011912197895,5.906134936348307e-207
11,DIVISION,3,East North Central,HHRACE,Householder race (one race),02,Black or African American,99.01309137208507,98.70332678307344,99.26860412602852,16.455997361639174,15.903389595359268,16.94799054095775,5.654509566821697e-281
12,DIVISION,3,East North Central,HHRACE,Householder race (one race),03,American Indian and Alaska Native,88.4976711884496,83.53168526645577,92.85809479707063,5.940577178003692,0.9657136720446411,10.47520755085989,8.995872441861442e-61
13,DIVISION,3,East North Central,HHRACE,Householder race (one race),04,Asian,99.06124227220103,98.39096175657657,99.63827335225164,16.504148261755113,15.614155501730638,17.249369701283584,7.780323159427555e-254
14,DIVISION,3,East North Central,HHRACE,Householder race (one race),05,Native Hawaiian and Other Pacific Islander,100.0,76.83576835768358,99.819998199982,17.44290598955409,16.901514210149653,18.142260218480367,5.62755901597253e-276
15,DIVISION,4,West North Central,HHRACE,Householder race (one race),01,White,82.81928541695855,81.29598520455608,84.6090241611643,-1.321886237130021,-1.6460484914761062,-1.0075529076184886,4.3368402202343086e-141
16,DIVISION,4,West North Central,HHRACE,Householder race (one race),02,Black or African American,99.22219273109853,98.47364749392118,99.71667956023211,15.081021077009959,13.417775426268383,16.675122786078408,3.2365227949643837e-188
17,DIVISION,4,West North Central,HHRACE,Householder race (one race),03,American Indian and Alaska Native,92.6449387270341,89.18480657334455,95.10923652191033,8.503767072945523,4.674579939503513,11.725361083845437,1.299963140763898e-101
18,DIVISION,4,West North Central,HHRACE,Householder race (one race),04,Asian,98.39826565614972,97.11309673205463,99.2821334262162,14.257094002061145,12.232240632851745,16.21432719647199,1.7246232287978152e-184
19,DIVISION,4,West North Central,HHRACE,Householder race (one race),05,Native Hawaiian and Other Pacific Islander,100.0,54.073540735407356,99.5789957899579,15.858828345911425,14.2794054478574,17.261146022678627,3.5386421834175e-199
20,DIVISION,5,South Atlantic,HHRACE,Householder race (one race),01,White,78.53202382709793,77.35660872882394,79.54401288036676,-3.6354817252568172,-4.045031777358526,-3.30281692419333,6.716919163265421e-200
21,DIVISION,5,South Atlantic,HHRACE,Householder race (one race),02,Black or African American,91.70722317769106,90.94729894859073,92.53575669695596,9.53971762533632,8.631049293614282,10.686933061910912,4.0210854366342705e-197
22,DIVISION,5,South Atlantic,HHRACE,Householder race (one race),03,American Indian and Alaska Native,77.26139059791335,73.57005676195534,81.29352240094427,-4.906114954441387,-8.772573327338012,-1.0938772814497386,2.776115549486473e-66
23,DIVISION,5,South Atlantic,HHRACE,Householder race (one race),04,Asian,96.27311665874088,94.94196845904845,97.38052856408362,14.105611106386117,12.465531960227004,15.477251909325963,4.279842515287251e-197
24,DIVISION,5,South Atlantic,HHRACE,Householder race (one race),05,Native Hawaiian and Other Pacific Islander,100.0,88.4288842888429,99.9159991599916,17.832494447645253,17.024928787279016,18.728324637771724,2.0215349420784453e-257
25,DIVISION,6,East South Central,HHRACE,Householder race (one race),01,White,69.06993038883991,67.9081508246592,70.62289606112292,-5.828701180083085,-6.293389676680886,-5.3128994117740875,1.1657998856270026e-215
26,DIVISION,6,East South Central,HHRACE,Householder race (one race),02,Black or African American,92.76281671439015,90.98794765468624,94.38846225166391,17.86418514546717,16.210945965276576,19.447486696421866,4.305455299769243e-208
27,DIVISION,6,East South Central,HHRACE,Householder race (one race),03,American Indian and Alaska Native,65.38088970101637,54.1275081644194,72.4605730334768,-9.517741867906604,-21.438111548369935,-2.0551722072285497,1.7035195407453652e-62
28,DIVISION,6,East South Central,HHRACE,Householder race (one race),04,Asian,96.18314187114626,93.5124170140385,98.4365974711526,21.284510302223268,18.443650239788127,24.311290798171413,6.995294885584508e-169
29,DIVISION,6,East South Central,HHRACE,Householder race (one race),05,Native Hawaiian and Other Pacific Islander,88.8876396226608,74.28082930674694,95.94620869109896,13.989008053737805,-0.046399197841695966,20.890398468072384,4.484169547372908e-64
30,DIVISION,7,West South Central,HHRACE,Householder race (one race),01,White,85.25636637551224,84.32240805468903,86.14213895781124,-2.07437319654733,-2.389170684382239,-1.8090657883406263,1.0423745126762525e-180
31,DIVISION,7,West South Central,HHRACE,Householder race (one race),02,Black or African American,97.2535286426758,96.73798638179025,97.72261108060569,9.922789070616233,9.165464973284955,10.697693122351431,2.3861237409533383e-218
32,DIVISION,7,West South Central,HHRACE,Householder race (one race),03,American Indian and Alaska Native,75.52591840519369,69.01226959819951,81.95993326092086,-11.804821166865874,-18.423721731199443,-5.173839258360475,3.950937023463549e-82
33,DIVISION,7,West South Central,HHRACE,Householder race (one race),04,Asian,99.51897458369919,99.26174657453694,99.77810352856137,12.188235011639625,11.372058588942682,13.074067560942146,3.52708930134382e-231
34,DIVISION,7,West South Central,HHRACE,Householder race (one race),05,Native Hawaiian and Other Pacific Islander,100.0,85.18085180851809,99.889998899989,12.669260427940433,11.927987674908865,13.44720981783599,1.588641010914518e-238
35,DIVISION,8,Mountain,HHRACE,Householder race (one race),01,White,87.20105727804737,86.40029136752379,88.04169349668074,-0.40554816934275095,-0.622499456784695,-0.2100294737793849,7.341532604933581e-89
36,DIVISION,8,Mountain,HHRACE,Householder race (one race),02,Black or African American,96.81372231487487,95.4247901302339,98.13631156054842,9.207116867484743,8.054956391671594,10.335372433536202,3.311524524256239e-194
37,DIVISION,8,Mountain,HHRACE,Householder race (one race),03,American Indian and Alaska Native,78.61070522624604,75.56760717611846,82.93184694853217,-8.995900221144081,-11.741502489835975,-4.726154887310257,2.912232056964214e-106
38,DIVISION,8,Mountain,HHRACE,Householder race (one race),04,Asian,98.75899996258313,96.94899061382752,99.56971098564334,11.15239451519301,8.943151125050676,12.29559063167449,1.3435846271878525e-178
39,DIVISION,8,Mountain,HHRACE,Householder race (one race),05,Native Hawaiian and Other Pacific Islander,100.0,80.49280492804928,99.8519985199852,12.393394552609882,11.623846305249993,13.151923665534,1.1927967286351515e-231
40,DIVISION,9,Pacific,HHRACE,Householder race (one race),01,White,90.09775426711889,89.52393753533346,90.53044505695522,-1.1600367342476936,-1.4216005124482443,-0.9166476489960947,6.676397684324861e-150
41,DIVISION,9,Pacific,HHRACE,Householder race (one race),02,Black or African American,98.85008289050987,98.26068109978493,99.34769009477594,7.592291889143277,7.126195169104058,8.174998376955351,3.97747083134574e-229
42,DIVISION,9,Pacific,HHRACE,Householder race (one race),03,American Indian and Alaska Native,88.94600088943973,86.3454809629615,91.68478173897091,-2.311790111926859,-4.92020777736426,0.36092081693182587,1.009711567307699e-62
43,DIVISION,9,Pacific,HHRACE,Householder race (one race),04,Asian,95.61936446465694,94.75230220864856,96.64590648479977,4.3615734632903465,3.6364039575810874,5.320378697940975,1.7728239484018487e-155
44,DIVISION,9,Pacific,HHRACE,Householder race (one race),05,Native Hawaiian and Other Pacific Islander,85.97285189621437,82.5641874484443,90.06264687503021,-5.284939105152231,-8.718566145762006,-1.202606354271812,1.8877097592880495e-68
0,DIVISION,1,New England,HHSPAN,Householder Hispanic,1,Hispanic,94.00406662316244,92.33596002587815,95.7701823449981,21.13137522795654,19.107840965909414,22.91547122073331,6.572716211992352e-220
1,DIVISION,1,New England,HHSPAN,Householder Hispanic,2,Not Hispanic,71.35771968788035,70.39953634724995,72.68139338221543,-1.514971707325552,-1.7466931899099363,-1.2351155725083192,1.3159854285324995e-165
2,DIVISION,2,Middle Atlantic,HHSPAN,Householder Hispanic,1,Hispanic,96.76194560016151,96.13171800354215,97.44723015576737,12.109167629209793,11.064324321589883,12.939758946730189,1.3957959316820639e-221
3,DIVISION,2,Middle Atlantic,HHSPAN,Householder Hispanic,2,Not Hispanic,83.38172745732143,82.69042059671936,84.14810902547835,-1.2710505136302785,-1.461165879211048,-1.0957808373703162,1.8768866429975978e-180
4,DIVISION,3,East North Central,HHSPAN,Householder Hispanic,1,Hispanic,94.0254893660321,93.13326267985475,95.0680295911056,11.468395355586203,10.417862041876914,12.488740328557569,2.0263883282345828e-206
5,DIVISION,3,East North Central,HHSPAN,Householder Hispanic,2,Not Hispanic,82.24234695477541,81.4907320595592,82.9088516518454,-0.31474705567048344,-0.5517268095823604,-0.0605144355357412,1.8006454552012686e-72
6,DIVISION,4,West North Central,HHSPAN,Householder Hispanic,1,Hispanic,94.19767502931944,91.96059931151107,96.84070568036351,10.056503375230863,7.412038957973605,12.61688245731748,1.5562909674107715e-143
7,DIVISION,4,West North Central,HHSPAN,Householder Hispanic,2,Not Hispanic,84.32579274233187,82.92894398578667,85.93904776187665,0.18462108824328638,-0.053132648779422864,0.44573272101453904,2.8612874794245476e-41
8,DIVISION,5,South Atlantic,HHSPAN,Householder Hispanic,1,Hispanic,93.40660075547434,92.32767582773168,94.40952478432884,11.239095203119598,10.165822309480776,12.147522841629337,1.055615702820985e-213
9,DIVISION,5,South Atlantic,HHSPAN,Householder Hispanic,2,Not Hispanic,80.87916219030059,80.04986175002918,81.72492607685876,-1.2883433620541562,-1.4946232185119959,-1.0679299466116008,4.097155458809006e-173
10,DIVISION,6,East South Central,HHSPAN,Householder Hispanic,1,Hispanic,97.22942655623034,95.64540610597908,98.79993877822248,22.330794987307357,20.634997740337678,23.820594431524064,4.014028929954917e-224
11,DIVISION,6,East South Central,HHSPAN,Householder Hispanic,2,Not Hispanic,73.97887610897611,72.83617553969862,75.40112244894546,-0.9197554599468916,-1.1232680769769177,-0.716707538959578,8.216419070302008e-150
12,DIVISION,7,West South Central,HHSPAN,Householder Hispanic,1,Hispanic,94.74999546482346,93.95544938713384,95.35978873304468,7.419255892763887,6.550984222658879,8.25971173888769,2.2313753977725135e-191
13,DIVISION,7,West South Central,HHSPAN,Householder Hispanic,2,Not Hispanic,85.29046318545412,84.35755123788614,86.27451674962508,-2.040276386605444,-2.36346725302611,-1.787381453387316,1.1980134262198496e-176
14,DIVISION,8,Mountain,HHSPAN,Householder Hispanic,1,Hispanic,92.15207272211012,91.13808156520744,93.21467457174452,4.545467274720005,3.5192749531426526,5.5966493117622695,1.2732518314430074e-144
15,DIVISION,8,Mountain,HHSPAN,Householder Hispanic,2,Not Hispanic,86.77993465016527,85.95909683035678,87.80745610517567,-0.8266707972248488,-1.1905216940953567,-0.4864277152527487,1.1323029554612141e-105
16,DIVISION,9,Pacific,HHSPAN,Householder Hispanic,1,Hispanic,96.51968177058477,96.09867616807827,96.92825291765652,5.26189076921818,4.841360809412574,5.734136436838842,7.114931092279682e-213
17,DIVISION,9,Pacific,HHSPAN,Householder Hispanic,2,Not Hispanic,89.57742634364256,88.94629239426942,90.12659977497096,-1.6803646577240428,-1.8385018241736517,-1.5153444324698584,8.424476035539077e-210
0,DIVISION,1,New England,HHAGE,Householder age,18,18-29,90.30278328908003,87.90360088943363,92.97349173308827,16.82925667034727,14.434202562591803,18.967147702100515,8.83773406901152e-186
1,DIVISION,1,New England,HHAGE,Householder age,30,30-39,81.50604341662296,79.26772557448409,83.89283284590496,8.0325167978902,5.503011467623074,10.265355192595374,2.729463020588772e-132
2,DIVISION,1,New England,HHAGE,Householder age,40,40-49,76.13057690421404,73.43363619696275,79.48986743428831,2.657050285481277,0.16951053042339823,5.571910876775918,2.5601852287671194e-58
3,DIVISION,1,New England,HHAGE,Householder age,50,50-64,67.73630420577896,66.00560496413269,69.89444351289333,-5.737222412953802,-7.20076329182959,-4.3337289015692715,1.0740455813190453e-145
4,DIVISION,1,New England,HHAGE,Householder age,65,65-74,67.52094185514875,65.92509287648413,69.66615589179082,-5.952584763584012,-7.882469016420889,-3.877029418719005,8.110999525821196e-124
5,DIVISION,1,New England,HHAGE,Householder age,75,75+,71.05529839395001,69.384376963444,73.55995821373062,-2.418228224782759,-4.360638094083553,-0.4974540831508809,9.202022613946556e-67
6,DIVISION,2,Middle Atlantic,HHAGE,Householder age,18,18-29,92.09337989122986,90.61781292402239,93.45702199295191,6.8415106207523895,5.358703543727359,8.164605429090289,1.6144308078138667e-154
7,DIVISION,2,Middle Atlantic,HHAGE,Householder age,30,30-39,89.6854462622054,88.5827352996888,91.01017389461238,4.433576991727928,3.4249149888919566,5.489634548795019,5.608862300234709e-147
8,DIVISION,2,Middle Atlantic,HHAGE,Householder age,40,40-49,86.9198047715562,85.43163138238393,88.40322330922722,1.6679355010787322,0.4685060250773024,2.923108628241998,1.2403640350258685e-71
9,DIVISION,2,Middle Atlantic,HHAGE,Householder age,50,50-64,84.61792505587685,83.7497204836758,85.4930294191296,-0.6339442146006236,-1.4132872953376785,0.08144265103494451,4.765788957907905e-49
10,DIVISION,2,Middle Atlantic,HHAGE,Householder age,65,65-74,78.16017277049978,76.97050337344874,79.62033988618839,-7.0916964999776955,-8.223350066984565,-5.803131341772713,1.0805397805784252e-174
11,DIVISION,2,Middle Atlantic,HHAGE,Householder age,75,75+,83.34300140534054,82.29166149016187,84.72698543222546,-1.9088678651369206,-2.9022994312103365,-0.7306725922473641,3.0305922718807338e-86
12,DIVISION,3,East North Central,HHAGE,Householder age,18,18-29,91.95053513069146,90.8933995722569,93.01591511007932,8.937386339375298,7.914571453251545,9.897404255272042,3.115056128663134e-198
13,DIVISION,3,East North Central,HHAGE,Householder age,30,30-39,87.47881467821333,85.60621015869138,88.74197061934429,4.465665886897153,3.020772764509157,5.559650873114543,2.5550764166579323e-134
14,DIVISION,3,East North Central,HHAGE,Householder age,40,40-49,83.8219597511298,82.31077136336833,84.99361433302552,0.8088109598136217,-0.34036591558495644,1.6288407006501229,1.3552379695586163e-31
15,DIVISION,3,East North Central,HHAGE,Householder age,50,50-64,80.67465545742506,79.82644052918654,81.57351757306105,-2.338493333891112,-3.1515650996202633,-1.5357059986612898,8.39913725951866e-119
16,DIVISION,3,East North Central,HHAGE,Householder age,65,65-74,78.78168467138448,77.46963754647192,79.8179921736464,-4.231464119931694,-5.329344006265289,-3.3553106635807026,1.8503469470420185e-147
17,DIVISION,3,East North Central,HHAGE,Householder age,75,75+,78.97481014493209,77.8999445673711,80.23004457831779,-4.0383386463840765,-5.401138481582218,-2.918075590484072,3.55571267522372e-131
18,DIVISION,4,West North Central,HHAGE,Householder age,18,18-29,92.44953468051261,90.44641053397166,94.47268526817457,7.630544553531104,5.912300092883121,8.976474350234296,3.3976559874211924e-156
19,DIVISION,4,West North Central,HHAGE,Householder age,30,30-39,89.32390993182611,86.91298753688767,91.79926155044176,4.504919804844598,2.340354605282167,6.507723332585436,2.979784963430161e-102
20,DIVISION,4,West North Central,HHAGE,Householder age,40,40-49,85.29127260990143,83.2637901814518,87.55492569651622,0.4722824829199168,-0.9739050985947295,2.151849406605107,2.1351112898603695e-11
21,DIVISION,4,West North Central,HHAGE,Householder age,50,50-64,82.62438151401834,80.23223737153447,85.2089633087583,-2.194608612963167,-3.4360088380374956,-0.8221586519242666,3.120154419466458e-82
22,DIVISION,4,West North Central,HHAGE,Householder age,65,65-74,81.43044840819823,77.74591352236848,84.64667439640644,-3.388541718783289,-6.007522824798848,-1.1347371711280583,1.2853493140640246e-72
23,DIVISION,4,West North Central,HHAGE,Householder age,75,75+,79.62803622226686,77.42358197662608,81.8176458129678,-5.190953904714657,-7.102255477419895,-3.810808387351156,1.338284304242799e-125
24,DIVISION,5,South Atlantic,HHAGE,Householder age,18,18-29,92.34885411429366,91.20691485005443,93.63896896716446,10.006523066414697,8.759881755536114,11.180505292254281,9.833623918531623e-191
25,DIVISION,5,South Atlantic,HHAGE,Householder age,30,30-39,86.11416981239825,85.09449035250394,87.28478233462778,3.7718387645192752,2.6552680211952167,4.693647099684481,3.3122825246036294e-141
26,DIVISION,5,South Atlantic,HHAGE,Householder age,40,40-49,84.41501264631411,83.20736651008278,85.52759490330274,2.0726815984351443,1.0954902802282107,2.908160344812287,2.427059039707111e-102
27,DIVISION,5,South Atlantic,HHAGE,Householder age,50,50-64,80.11293921912949,79.33630990694665,80.9808709203221,-2.229391828749483,-2.97663581132146,-1.5602160457940721,1.7647964444746237e-124
28,DIVISION,5,South Atlantic,HHAGE,Householder age,65,65-74,77.85454580662568,75.82068993276496,79.62218315356041,-4.487785241253284,-5.7195611450846275,-3.3429239564486597,2.8402772313147713e-139
29,DIVISION,5,South Atlantic,HHAGE,Householder age,75,75+,78.41517477482562,76.65963596141528,80.10937771962215,-3.927156273053356,-5.318127076913779,-2.5282338095333188,9.436644786210865e-124
30,DIVISION,6,East South Central,HHAGE,Householder age,18,18-29,87.67052957678456,85.75176244687235,89.85288900611772,12.985618025705303,11.143299290024007,14.724941927714502,3.3290081761195752e-186
31,DIVISION,6,East South Central,HHAGE,Householder age,30,30-39,84.36790044784436,82.68069751065288,86.06023505302701,9.68298889676511,7.818086834656337,11.333202274915239,3.202288225920633e-168
32,DIVISION,6,East South Central,HHAGE,Householder age,40,40-49,75.43954970451665,73.60030674973564,77.64317239396742,0.7546381534373925,-0.8331645629734735,2.1934721070067877,1.8997842231660897e-24
33,DIVISION,6,East South Central,HHAGE,Householder age,50,50-64,69.52822600459781,67.9063235609569,71.53282155563674,-5.156685546481443,-6.633950920120216,-3.834988901531627,8.006400444586092e-147
34,DIVISION,6,East South Central,HHAGE,Householder age,65,65-74,65.64905901549936,63.111684628744705,68.34843561332174,-9.035852535579902,-10.943066953010716,-7.000610287393434,1.2789709524165898e-152
35,DIVISION,6,East South Central,HHAGE,Householder age,75,75+,74.14814422006388,71.68836258513707,76.64387507049737,-0.5367673310153864,-2.963867173222698,1.8889027533887943,4.333086080463025e-07
36,DIVISION,7,West South Central,HHAGE,Householder age,18,18-29,94.75189579171227,93.46084329888737,96.10435562993176,7.087715660424221,5.86094956073771,8.248872350175784,1.4546322906934858e-173
37,DIVISION,7,West South Central,HHAGE,Householder age,30,30-39,91.62120465411392,90.58341454494038,92.58619213457436,3.9570245228258916,2.9038198289482655,4.82096754608925,5.220391717878676e-146
38,DIVISION,7,West South Central,HHAGE,Householder age,40,40-49,89.53266256950344,88.23095618187457,90.90283348320462,1.868482438215402,0.7684683300028298,2.8559098307488577,2.0027356766773956e-92
39,DIVISION,7,West South Central,HHAGE,Householder age,50,50-64,84.88107364397816,83.90013892024238,85.88798340132936,-2.783106487309883,-3.38404842405917,-2.0803580952804004,2.3534909271856204e-141
40,DIVISION,7,West South Central,HHAGE,Householder age,65,65-74,82.853321577649,81.49776314169273,84.26608439601688,-4.810858553639042,-5.930959230731986,-3.8546348238198895,2.6826479650872595e-154
41,DIVISION,7,West South Central,HHAGE,Householder age,75,75+,83.30195910057414,81.56721285097218,85.12535012797827,-4.362221030713897,-6.0532398603084845,-2.4779955385045183,3.1564738620092156e-108
42,DIVISION,8,Mountain,HHAGE,Householder age,18,18-29,96.65121042063029,95.4667018500249,97.83136493274004,8.774007687426844,7.645634664701418,9.809532186824166,1.4168987816617558e-189
43,DIVISION,8,Mountain,HHAGE,Householder age,30,30-39,91.58584893993164,90.3864486541485,92.72388503406779,3.7086462067281722,2.754087033648541,4.443592865930699,2.3085457852994343e-150
44,DIVISION,8,Mountain,HHAGE,Householder age,40,40-49,89.22364886823952,87.87546885412691,90.68278989247139,1.3464461350360613,0.17375147721439305,2.7301728405492263,4.096242838820639e-59
45,DIVISION,8,Mountain,HHAGE,Householder age,50,50-64,86.02089189971421,85.34912505998759,86.98007400300135,-1.8563108334892386,-2.7242207334106476,-1.0638463241118428,1.1091133755593727e-101
46,DIVISION,8,Mountain,HHAGE,Householder age,65,65-74,83.56433106815396,80.75124487485522,86.51726558333789,-4.312871665049489,-6.661562991475131,-2.0943352223289655,1.0542239572210637e-91
47,DIVISION,8,Mountain,HHAGE,Householder age,75,75+,81.51309384574057,79.45980501461246,83.48153419117787,-6.364108887462883,-8.365351371567836,-4.263128654373189,6.080499795583606e-128
48,DIVISION,9,Pacific,HHAGE,Householder age,18,18-29,96.35988994322692,95.59075109822481,97.24391884483202,5.056398613571345,4.233403464852866,5.832552236200636,2.0652923787652194e-172
49,DIVISION,9,Pacific,HHAGE,Householder age,30,30-39,96.02280264489721,95.56179762018593,96.47657963433457,4.719311315241647,4.061876913836179,5.346111680666524,2.2663424644389818e-184
50,DIVISION,9,Pacific,HHAGE,Householder age,40,40-49,92.86312674320534,92.19788260382715,93.51004041996732,1.5596354135497759,1.084273025258625,2.1565062489157416,1.1262003499098318e-123
51,DIVISION,9,Pacific,HHAGE,Householder age,50,50-64,90.49751901877421,89.70610203633326,91.34200079036204,-0.8059723108813532,-1.377311717347408,-0.34789299264782425,1.0043337817390046e-82
52,DIVISION,9,Pacific,HHAGE,Householder age,65,65-74,85.50969411028142,84.24445912988362,86.37744429502477,-5.793797219374142,-6.705729643004679,-5.070117146807947,4.2531625014748033e-181
53,DIVISION,9,Pacific,HHAGE,Householder age,75,75+,86.72985699304108,85.64962195113722,88.0312343626585,-4.573634336614473,-5.65946486163164,-3.5312174227426496,2.4084625989419926e-153
0,DIVISION,1,New England,PERPOVLVL,Poverty level,0,In poverty,83.40446816881172,80.3086963632326,86.49068624357336,9.930941550078954,7.0199766847973395,12.312318916203164,7.18229253283921e-134
1,DIVISION,1,New England,PERPOVLVL,Poverty level,100,Not in poverty,72.30021263743743,71.46809246895212,73.45550715941135,-1.173313981295332,-1.4570090068750872,-0.8409400945734964,4.814549059045844e-139
2,DIVISION,2,Middle Atlantic,PERPOVLVL,Poverty level,0,In poverty,93.06806369536208,92.27544671159832,93.80675899413538,7.816194424884615,6.930776926490002,8.590524260283308,1.247378857069726e-200
3,DIVISION,2,Middle Atlantic,PERPOVLVL,Poverty level,100,Not in poverty,84.08537300613823,83.46280896446477,84.76822347295709,-1.1664962643392562,-1.2790455434203207,-1.0224325974065864,8.156025244275334e-195
4,DIVISION,3,East North Central,PERPOVLVL,Poverty level,0,In poverty,89.97222487565931,88.78334743791272,91.42553588844785,6.959076084343141,5.567882794893737,8.697510964125232,7.000214244228139e-149
5,DIVISION,3,East North Central,PERPOVLVL,Poverty level,100,Not in poverty,82.01355760117178,81.14242640727956,82.81353852320646,-0.9995911901443888,-1.248817815142616,-0.8076361852406707,3.6254492028609293e-152
6,DIVISION,4,West North Central,PERPOVLVL,Poverty level,0,In poverty,85.96532278020716,83.95798930380825,87.94982407172718,1.1463326532256457,-0.5315589113375541,2.7311601667083205,1.0893291861800556e-34
7,DIVISION,4,West North Central,PERPOVLVL,Poverty level,100,Not in poverty,84.6632031498964,83.22850823002686,86.33794117157345,-0.15578697708510392,-0.3725588671406449,0.07232676944458884,9.837870963754763e-35
8,DIVISION,5,South Atlantic,PERPOVLVL,Poverty level,0,In poverty,82.79176670970979,80.84175127757729,84.84134714828492,0.4494356618308215,-1.1884558030595191,2.0259649909932174,4.172042701873028e-12
9,DIVISION,5,South Atlantic,PERPOVLVL,Poverty level,100,Not in poverty,82.26357589469606,81.48463665597146,82.94017213393364,-0.07875515318290782,-0.35380495936227635,0.2017743671175627,3.992227777231892e-12
10,DIVISION,6,East South Central,PERPOVLVL,Poverty level,0,In poverty,81.18122498778935,79.59909630818309,83.35971011093285,6.496313436710088,5.096194574790572,7.950538854955785,2.185490507884514e-151
11,DIVISION,6,East South Central,PERPOVLVL,Poverty level,100,Not in poverty,72.95966468035527,71.65697675353164,74.33378616343788,-1.7252468707239843,-2.1139355831553317,-1.3306317620295356,1.33332369990195e-148
12,DIVISION,7,West South Central,PERPOVLVL,Poverty level,0,In poverty,90.46015332821014,89.425895645109,91.40383114268015,2.795973196922097,1.8959137655973757,3.793647471186058,4.404554012067031e-121
13,DIVISION,7,West South Central,PERPOVLVL,Poverty level,100,Not in poverty,87.10581195291827,86.30377620863086,87.89685003889865,-0.5583681783697725,-0.7556763087274478,-0.39339786241380287,2.9625023923739677e-122
14,DIVISION,8,Mountain,PERPOVLVL,Poverty level,0,In poverty,86.61943877717049,85.15134829304469,88.70930527225346,-1.2577639560329645,-2.465768070172735,0.07853431915182808,2.275247784806079e-45
15,DIVISION,8,Mountain,PERPOVLVL,Poverty level,100,Not in poverty,88.05164040392035,87.27644937323196,88.79024375175375,0.1744376707168871,-0.01033156535868107,0.3479131047823955,1.3842680813527798e-45
16,DIVISION,9,Pacific,PERPOVLVL,Poverty level,0,In poverty,94.30241030580213,93.77825132803294,95.08853860466456,2.9989189761465695,2.4213231502953203,3.7770562770670497,2.994221627180298e-156
17,DIVISION,9,Pacific,PERPOVLVL,Poverty level,100,Not in poverty,90.88635421389374,90.29641599404361,91.36501189274577,-0.4171371157618231,-0.5324743612466706,-0.3308721688518135,3.880044293444206e-153
0,DIVISION,1,New England,NUMPEOPLE,Household size,1,1,80.83896663983836,79.59979832606076,82.30106250156602,7.365440021105596,6.248953678274718,8.395577578597669,6.715037905621411e-175
1,DIVISION,1,New England,NUMPEOPLE,Household size,2,2,68.79363928120601,67.17981874119621,70.73073547112962,-4.679887337526756,-5.751908101305063,-3.5078132180229438,1.977952812802941e-142
2,DIVISION,1,New England,NUMPEOPLE,Household size,3,3,73.31879367171015,70.54325835173728,76.5572802542863,-0.15473294702260665,-2.689522406839176,2.713234239025452,0.8045476328893879
3,DIVISION,1,New England,NUMPEOPLE,Household size,4,4+,71.54841233823592,69.42534609771438,73.57979638275246,-1.9251142804968535,-3.5880623986407367,-0.10034476338305448,4.866053695341881e-60
4,DIVISION,2,Middle Atlantic,NUMPEOPLE,Household size,1,1,89.83810423497161,88.96748342019394,90.74182048992316,4.586234964494129,3.9222487180813923,5.2831467102792935,4.424043960554192e-176
5,DIVISION,2,Middle Atlantic,NUMPEOPLE,Household size,2,2,81.7090998996882,80.66728358308079,82.79497809912392,-3.5427693707892782,-4.38022869773077,-2.7230606450285997,8.964887362976424e-142
6,DIVISION,2,Middle Atlantic,NUMPEOPLE,Household size,3,3,86.09092246247303,84.60786210528012,87.4928729115157,0.8390531919955646,-0.49805885723176263,2.0102057783008367,8.354809570673875e-33
7,DIVISION,2,Middle Atlantic,NUMPEOPLE,Household size,4,4+,83.93980751846574,82.87685367904146,85.08195576972065,-1.3120617520117284,-2.241777749949429,-0.2301537180577068,1.2865613312871793e-71
8,DIVISION,3,East North Central,NUMPEOPLE,Household size,1,1,87.65370712650854,86.66412354867497,88.6591672293681,4.6405583351923685,4.027568398156597,5.413612685213837,2.0895863170894976e-181
9,DIVISION,3,East North Central,NUMPEOPLE,Household size,2,2,78.85501174909109,78.18377330777113,79.5401844705993,-4.158137042225074,-4.736304418335312,-3.5371450196963776,7.166350877147807e-179
10,DIVISION,3,East North Central,NUMPEOPLE,Household size,3,3,83.90975115609783,82.85666522837985,85.25614326987417,0.8966023647816512,-0.4815923201127201,2.193365219303385,5.216256534833097e-37
11,DIVISION,3,East North Central,NUMPEOPLE,Household size,4,4+,82.7095589543625,81.00081807222679,84.19113404713018,-0.30358983695365493,-1.6111394220860251,0.8230317766652364,1.3475235478690246e-13
12,DIVISION,4,West North Central,NUMPEOPLE,Household size,1,1,90.26789001135882,88.89278581232573,91.57321728128231,5.448899884377312,4.144963603818559,6.564952044655477,5.224407209393182e-150
13,DIVISION,4,West North Central,NUMPEOPLE,Household size,2,2,80.07165078697801,78.07460858014382,82.50452915584854,-4.7473393400034976,-6.130990170652289,-3.363977794245139,1.2858453228092282e-140
14,DIVISION,4,West North Central,NUMPEOPLE,Household size,3,3,86.04875808632254,83.52718790142872,88.65581531298345,1.2297679593410216,-0.8048566159508197,3.0609791505429613,1.5448937423316266e-35
15,DIVISION,4,West North Central,NUMPEOPLE,Household size,4,4+,84.73137717099486,82.93430264627938,86.85186041619109,-0.08761295598664898,-1.1767585217438579,1.053562268368291,0.12798007143687218
16,DIVISION,5,South Atlantic,NUMPEOPLE,Household size,1,1,85.38873063550936,84.28673476607489,86.48574305539236,3.0463995876303884,2.3448473037744026,3.8527414990038373,1.0565896964133671e-141
17,DIVISION,5,South Atlantic,NUMPEOPLE,Household size,2,2,79.52900072447031,78.4127402519949,80.80736235998643,-2.813330323408658,-3.442425427836094,-2.0337964797697916,7.378278448856741e-143
18,DIVISION,5,South Atlantic,NUMPEOPLE,Household size,3,3,81.99985950584617,80.39465926672813,83.1199861107193,-0.3424715420327962,-1.7139527638412322,0.49819468407283324,2.6966222354515027e-18
19,DIVISION,5,South Atlantic,NUMPEOPLE,Household size,4,4+,82.87471886780729,81.87917198198855,84.01458833691893,0.5323878199283039,-0.3651770329678228,1.6787786220561998,5.926096388978994e-23
20,DIVISION,6,East South Central,NUMPEOPLE,Household size,1,1,82.28195312940747,80.52270435981099,84.22528095404259,7.5970415783282235,6.360245058574908,8.636029091815777,1.606485276485286e-178
21,DIVISION,6,East South Central,NUMPEOPLE,Household size,2,2,71.03453303104884,69.00904576496528,73.18850799005996,-3.6503785200304173,-5.101793641254401,-1.9986258660711342,4.895600425513094e-102
22,DIVISION,6,East South Central,NUMPEOPLE,Household size,3,3,68.45094566362515,65.67369576931414,71.54840401630742,-6.233965887454107,-8.428591794948755,-3.903686976911754,3.5865899099982086e-114
23,DIVISION,6,East South Central,NUMPEOPLE,Household size,4,4+,74.3900959574502,71.2457877964507,77.34045501087243,-0.29481559362906085,-3.548275778015992,2.690943382564243,0.0022462451105024045
24,DIVISION,7,West South Central,NUMPEOPLE,Household size,1,1,90.63363290870754,89.71428859655884,91.7175658945697,2.969452777419501,2.2358162829760237,3.6043705948473623,1.1974368826330635e-145
25,DIVISION,7,West South Central,NUMPEOPLE,Household size,2,2,84.66336115636484,83.67608100067116,85.67056779887552,-3.000818974923203,-3.6664643082643313,-2.2391731984224537,1.0718795897156195e-141
26,DIVISION,7,West South Central,NUMPEOPLE,Household size,3,3,87.61297339449004,86.3806070717959,88.58447411811564,-0.05120673679800403,-1.0030820839481063,0.87703525567242,0.22461118163973987
27,DIVISION,7,West South Central,NUMPEOPLE,Household size,4,4+,88.03635734471084,86.96574479825411,89.10792549843792,0.3721772134227863,-0.3792990960393519,1.1151660226017412,8.576807222460133e-21
28,DIVISION,8,Mountain,NUMPEOPLE,Household size,1,1,89.47544506459894,88.37703710982836,90.4651106774644,1.598242331395494,0.6283352257025724,2.4685043562651554,3.5718391226226776e-98
29,DIVISION,8,Mountain,NUMPEOPLE,Household size,2,2,84.94308190137038,84.06795694314393,86.04043829786694,-2.9341208318330647,-3.4992939516028794,-2.3480788640672094,6.461217255456064e-153
30,DIVISION,8,Mountain,NUMPEOPLE,Household size,3,3,90.51047600544317,89.11660229971427,92.12613890210254,2.6332732722397223,1.5597366224284965,3.677920894952842,2.2835902813437734e-108
31,DIVISION,8,Mountain,NUMPEOPLE,Household size,4,4+,88.97446786439937,87.76498075825073,90.15639642306411,1.0972651311959125,0.07901178209356542,2.0360968390951077,1.4186595493682703e-63
32,DIVISION,9,Pacific,NUMPEOPLE,Household size,1,1,91.86769845813268,91.37725740957524,92.46822203097638,0.5642071284771122,0.08502410637373725,1.0454832425258676,1.5410375241123974e-70
33,DIVISION,9,Pacific,NUMPEOPLE,Household size,2,2,88.04570013531871,87.11636262458049,88.81373508556153,-3.2577911943368565,-3.8025000037267516,-2.816572594261602,1.1145922535617456e-175
34,DIVISION,9,Pacific,NUMPEOPLE,Household size,3,3,92.98659787787096,92.1884739908814,93.8637004006136,1.6831065482153962,1.1797378606917996,2.2516957645995057,1.821435238393757e-126
35,DIVISION,9,Pacific,NUMPEOPLE,Household size,4,4+,93.7322585338721,93.22529045033922,94.21829866137425,2.428767204216531,1.8528806079588125,3.0249999936431777,4.4763548279277055e-145
